sample,t,ch1,ch2,ch3,ch4
0,0.000000000,10,20,30,40
1,0.500000000,11,21,31,41
2,1.000000000,12,22,32,42